Time,Date,Sender_account,Receiver_account,Amount,Payment_currency,Received_currency,Sender_bank_location,Receiver_bank_location,Payment_type,Transaction_ID,Is_laundering,Laundering_type
17:18:05,07-10-2022,1491989064,9460624653,12730.87,Turkish lira,Euro,UK,Spain,Cross-border,TXN10651,0,Normal_Fan_Out
11:49:37,07-10-2022,2041519241,6883168044,14972.63,UK pounds,UK pounds,UK,UK,ACH,TXN2042,0,Normal_Small_Fan_Out
16:02:47,07-10-2022,4626052554,5434790671,677.89,UK pounds,UK pounds,UK,UK,Debit card,TXN8669,0,Normal_Small_Fan_Out
11:15:51,07-10-2022,675669049,4348868412,7312.72,UK pounds,UK pounds,UK,UK,Cheque,TXN1115,0,Normal_Fan_Out
19:21:54,07-10-2022,1378784400,5224271258,17080.56,UK pounds,UK pounds,UK,UK,Cheque,TXN13903,0,Normal_Fan_Out
18:07:23,07-10-2022,6116657264,578267324,11222.33,UK pounds,UK pounds,UK,UK,Debit card,TXN11964,0,Normal_Fan_Out
17:33:20,07-10-2022,7758268667,1709703404,5556.41,UK pounds,UK pounds,UK,UK,ACH,TXN11073,0,Normal_Fan_Out
12:26:42,07-10-2022,2407719171,884794468,500.67,UK pounds,UK pounds,UK,UK,ACH,TXN3003,0,Normal_Small_Fan_Out
23:14:21,07-10-2022,652443743,1807375124,96.77,UK pounds,UK pounds,UK,UK,Cash Withdrawal,TXN19772,0,Normal_Cash_Withdrawal
15:40:44,07-10-2022,2616388803,2534644942,10999.67,UK pounds,Euro,UK,France,Cross-border,TXN8116,0,Normal_Fan_In
12:47:57,07-10-2022,5195441820,9600420220,8182.89,UK pounds,UK pounds,UK,UK,ACH,TXN3526,0,Normal_Fan_In
15:31:45,07-10-2022,7904351679,5634881835,6754.96,UK pounds,UK pounds,UK,UK,ACH,TXN7880,0,Normal_Small_Fan_Out
21:00:34,07-10-2022,9508192818,6872447939,3480.46,UK pounds,UK pounds,UK,UK,Debit card,TXN16442,0,Normal_Small_Fan_Out
20:54:51,07-10-2022,6231123846,3293721222,12822.39,UK pounds,UK pounds,UK,UK,ACH,TXN16297,0,Normal_Group
18:31:49,07-10-2022,7608777963,6855935396,4951.94,UK pounds,UK pounds,UK,UK,ACH,TXN12567,0,Normal_Fan_In
13:53:09,07-10-2022,8389148416,2753383263,5619.07,UK pounds,UK pounds,UK,UK,Cheque,TXN5253,0,Normal_Fan_Out
22:59:40,07-10-2022,6764518163,6787076333,692.5,UK pounds,UK pounds,UK,UK,Debit card,TXN19394,0,Normal_Small_Fan_Out
21:14:39,07-10-2022,2206902878,5109623450,9844.25,UK pounds,UK pounds,UK,UK,ACH,TXN16797,0,Normal_Fan_In
15:40:07,07-10-2022,3955000916,2260950191,2802.61,UK pounds,UK pounds,UK,UK,ACH,TXN8095,0,Normal_Small_Fan_Out
10:46:52,07-10-2022,4045011140,5628674969,6849.23,UK pounds,UK pounds,UK,UK,Credit card,TXN323,0,Normal_Fan_In
16:52:06,07-10-2022,1915450576,7468510228,5253.41,UK pounds,UK pounds,UK,UK,ACH,TXN9924,0,Normal_Fan_Out
15:15:39,07-10-2022,8147726877,6646502650,11783.51,UK pounds,Euro,UK,France,Cross-border,TXN7460,0,Normal_Fan_In
22:45:23,07-10-2022,1597507543,4036521667,277.96,UK pounds,UK pounds,UK,UK,Cash Withdrawal,TXN19025,0,Normal_Cash_Withdrawal
21:46:12,07-10-2022,7669236826,6944062928,7511.44,UK pounds,UK pounds,UK,UK,Debit card,TXN17554,0,Normal_Fan_Out
16:20:24,07-10-2022,3205490703,2837313269,2755.83,UK pounds,UK pounds,UK,UK,Cheque,TXN9120,0,Normal_Small_Fan_Out
20:59:39,07-10-2022,4121324384,7417210636,11073.66,Euro,UK pounds,Spain,UK,Cross-border,TXN16422,0,Normal_Fan_Out
20:44:54,07-10-2022,4112229788,7782407979,18548.6,UK pounds,UK pounds,UK,UK,Cheque,TXN16061,0,Normal_Small_Fan_Out
16:59:23,07-10-2022,712794319,6444220418,7750.57,UK pounds,UK pounds,UK,UK,ACH,TXN10121,0,Normal_Fan_In
22:46:42,07-10-2022,6995076590,6513528122,14908.46,UK pounds,UK pounds,UK,UK,Debit card,TXN19056,0,Normal_Small_Fan_Out
12:52:58,07-10-2022,2348186221,2886346673,6046.88,UK pounds,UK pounds,UK,UK,ACH,TXN3650,0,Normal_Small_Fan_Out
13:03:38,07-10-2022,1171263460,351184098,7173.29,UK pounds,UK pounds,UK,UK,ACH,TXN3942,0,Normal_Group
21:58:55,07-10-2022,7758268667,4389103342,9383.99,UK pounds,UK pounds,UK,UK,ACH,TXN17881,0,Normal_Fan_Out
21:09:48,07-10-2022,9746384104,8107460466,5103.04,UK pounds,UK pounds,UK,UK,Debit card,TXN16676,0,Normal_Fan_Out
18:34:09,07-10-2022,6460610033,5858369125,12550.46,UK pounds,UK pounds,UK,UK,Credit card,TXN12631,0,Normal_Fan_In
17:48:14,07-10-2022,9307113143,6949118813,1499.17,UK pounds,UK pounds,UK,UK,ACH,TXN11444,0,Normal_Small_Fan_Out
18:15:28,07-10-2022,2450610477,5565442725,3384.79,UK pounds,UK pounds,UK,UK,Credit card,TXN12158,0,Normal_Small_Fan_Out
19:19:10,07-10-2022,3580819562,5109623450,13524.88,UK pounds,UK pounds,UK,UK,Credit card,TXN13836,0,Normal_Fan_In
12:44:13,07-10-2022,7394937898,8898445416,3061.65,UK pounds,UK pounds,UK,UK,Credit card,TXN3435,0,Normal_Small_Fan_Out
22:34:31,07-10-2022,9743009927,7008921579,1748.13,UK pounds,UK pounds,UK,UK,Cheque,TXN18740,0,Normal_Small_Fan_Out
21:40:24,07-10-2022,660365248,4293580479,21040.49,UK pounds,UK pounds,UK,UK,ACH,TXN17408,0,Normal_Fan_In
20:20:56,07-10-2022,9599009457,7617666829,4552.65,UK pounds,UK pounds,UK,UK,Debit card,TXN15441,0,Normal_Fan_Out
17:09:25,07-10-2022,7021575422,7661429201,2841.9,UK pounds,UK pounds,UK,UK,Debit card,TXN10407,0,Normal_Small_Fan_Out
14:40:04,07-10-2022,9502706473,8129833453,10294.53,UK pounds,UK pounds,UK,UK,ACH,TXN6518,0,Normal_Small_Fan_Out
11:10:50,07-10-2022,3029183605,8966349114,1965.61,UK pounds,UK pounds,UK,UK,Cash Deposit,TXN972,0,Normal_Cash_Deposits
21:02:17,07-10-2022,8842654492,8172080174,20450.02,UK pounds,UK pounds,UK,UK,Credit card,TXN16488,0,Normal_Fan_In
23:12:08,07-10-2022,6514654827,5628674969,23037.12,UK pounds,UK pounds,UK,UK,Credit card,TXN19731,0,Normal_Fan_In
18:52:31,07-10-2022,5645931794,1563830102,2455.62,UK pounds,UK pounds,UK,UK,Debit card,TXN13138,0,Normal_Foward
12:53:47,07-10-2022,3872480644,7194488615,238.44,UK pounds,UK pounds,UK,UK,Cash Withdrawal,TXN3670,0,Normal_Cash_Withdrawal
20:41:52,07-10-2022,2702036088,3139709227,156.13,UK pounds,UK pounds,UK,UK,Credit card,TXN15984,0,Normal_Small_Fan_Out
13:07:33,07-10-2022,7323084173,7080357663,18400.93,UK pounds,UK pounds,UK,UK,ACH,TXN4059,0,Normal_Fan_In
20:02:31,07-10-2022,9346100166,5708936901,12270.11,UK pounds,UK pounds,UK,UK,Cheque,TXN14977,0,Normal_Fan_In
20:31:20,07-10-2022,4292608254,5166714895,86.82,UK pounds,UK pounds,UK,UK,Cash Withdrawal,TXN15699,0,Normal_Cash_Withdrawal
19:19:04,07-10-2022,5021785800,2626537854,6583.77,UK pounds,UK pounds,UK,UK,Credit card,TXN13830,0,Normal_Fan_Out
19:03:29,07-10-2022,9734083970,2792106785,7808.65,UK pounds,UK pounds,UK,UK,Debit card,TXN13420,0,Normal_Fan_Out
11:10:27,07-10-2022,9165074186,3695545812,7359.35,UK pounds,UK pounds,UK,UK,Credit card,TXN961,0,Normal_Fan_In
21:53:39,07-10-2022,7501327339,2477870427,5345.2,UK pounds,US dollar,UK,UK,Debit card,TXN17745,0,Normal_Fan_Out
16:49:57,07-10-2022,3966784312,5545508503,4903.11,UK pounds,UK pounds,UK,UK,ACH,TXN9865,0,Normal_Small_Fan_Out
17:41:15,07-10-2022,6030276175,8728962988,54.97,UK pounds,UK pounds,UK,UK,Cash Withdrawal,TXN11264,0,Normal_Cash_Withdrawal
20:34:43,07-10-2022,9237040144,6472207830,81.28,UK pounds,UK pounds,UK,UK,Cash Withdrawal,TXN15783,0,Normal_Cash_Withdrawal
21:31:42,07-10-2022,6242298661,6223365730,5126.05,UK pounds,UK pounds,UK,UK,Debit card,TXN17197,0,Normal_Fan_In
15:19:30,07-10-2022,9572437179,7199625988,6656.52,UK pounds,UK pounds,UK,UK,ACH,TXN7555,0,Normal_Fan_In
17:12:33,07-10-2022,6899296210,8989133378,8581.87,UK pounds,UK pounds,UK,UK,Debit card,TXN10499,0,Normal_Group
21:25:38,07-10-2022,7669236826,1675218057,7847.95,UK pounds,UK pounds,UK,UK,Cheque,TXN17060,0,Normal_Fan_Out
22:00:55,07-10-2022,3342827051,409707192,5782.26,UK pounds,UK pounds,UK,UK,Cheque,TXN17929,0,Normal_Fan_In
15:01:15,07-10-2022,6938382855,6112937741,4364.95,UK pounds,UK pounds,UK,UK,Debit card,TXN7086,0,Normal_Small_Fan_Out
19:54:41,07-10-2022,8438757400,4049584175,17989.12,UK pounds,UK pounds,UK,UK,Debit card,TXN14754,0,Normal_Small_Fan_Out
13:24:44,07-10-2022,8952177221,4269977194,7468.83,UK pounds,UK pounds,UK,UK,Credit card,TXN4520,0,Normal_Fan_Out
12:27:33,07-10-2022,9312861244,409707192,24064.48,UK pounds,UK pounds,UK,UK,ACH,TXN3025,0,Normal_Fan_In
18:14:08,07-10-2022,2217566388,4430802279,505.06,UK pounds,UK pounds,UK,UK,Debit card,TXN12122,0,Normal_Small_Fan_Out
22:24:06,07-10-2022,8587242371,5363117119,20173.1,Euro,UK pounds,UK,UK,Cheque,TXN18495,0,Normal_Fan_In
14:01:12,07-10-2022,5297253641,8330529899,2225.84,UK pounds,UK pounds,UK,UK,Debit card,TXN5484,0,Normal_Small_Fan_Out
11:27:21,07-10-2022,3221380947,7516271485,1503.18,UK pounds,UK pounds,UK,UK,Cheque,TXN1420,0,Normal_Small_Fan_Out
14:27:45,07-10-2022,6904668523,9408376441,8079.6,UK pounds,UK pounds,UK,UK,Credit card,TXN6210,0,Normal_Fan_Out
17:21:00,07-10-2022,6685119997,6690076809,323.54,UK pounds,UK pounds,UK,UK,Cheque,TXN10743,0,Normal_Small_Fan_Out
20:48:15,07-10-2022,9045243923,1839526174,3282.95,UK pounds,UK pounds,UK,UK,Credit card,TXN16144,0,Normal_Small_Fan_Out
21:48:44,07-10-2022,6086421020,8785037379,8260.37,UK pounds,UK pounds,UK,UK,Cheque,TXN17618,0,Normal_Fan_Out
19:47:06,07-10-2022,5102061416,1107308169,743.13,UK pounds,UK pounds,UK,UK,Cheque,TXN14569,0,Normal_Small_Fan_Out
11:11:06,07-10-2022,7421451752,3557538160,4227.51,UK pounds,UK pounds,UK,UK,ACH,TXN981,0,Normal_Fan_Out
12:18:18,07-10-2022,8282676132,6060853662,4672.59,Mexican Peso,UK pounds,Mexico,UK,Cross-border,TXN2784,0,Normal_Small_Fan_Out
15:25:38,07-10-2022,8456279067,8374633169,17412.64,UK pounds,UK pounds,UK,UK,Cheque,TXN7714,0,Normal_Fan_Out
17:51:16,07-10-2022,7849241516,1465487567,7113.91,UK pounds,UK pounds,UK,UK,Cheque,TXN11519,0,Normal_Fan_In
16:00:01,07-10-2022,1078784207,8673917867,8565.08,UK pounds,UK pounds,UK,UK,Credit card,TXN8601,0,Normal_Fan_In
17:55:25,07-10-2022,3792189465,7080357663,5383.68,Mexican Peso,UK pounds,Mexico,UK,Cross-border,TXN11641,0,Normal_Fan_In
22:38:04,07-10-2022,4471161681,6440847407,1149.32,UK pounds,UK pounds,UK,UK,Credit card,TXN18831,0,Normal_Small_Fan_Out
18:31:41,07-10-2022,1323087060,950206071,219.36,UK pounds,UK pounds,UK,UK,Cheque,TXN12563,0,Normal_Small_Fan_Out
18:38:26,07-10-2022,4784105413,8497677429,9253.07,UK pounds,UK pounds,UK,UK,Cheque,TXN12752,0,Normal_Small_Fan_Out
14:34:47,07-10-2022,1915450576,3772874052,11223.54,UK pounds,Turkish lira,UK,Turkey,Cross-border,TXN6385,0,Normal_Fan_Out
13:36:06,07-10-2022,675669049,3764741730,6174.92,UK pounds,UK pounds,UK,UK,Cheque,TXN4808,0,Normal_Fan_Out
14:27:01,07-10-2022,7655654712,1388437885,1768.47,UK pounds,UK pounds,UK,UK,Cheque,TXN6196,0,Normal_Small_Fan_Out
17:17:56,07-10-2022,8654635509,8937611616,410.18,UK pounds,UK pounds,UK,UK,Credit card,TXN10649,0,Normal_Small_Fan_Out
15:19:59,07-10-2022,9558983259,1474811080,96.88,UK pounds,UK pounds,UK,UK,Cash Withdrawal,TXN7568,0,Normal_Cash_Withdrawal
20:58:27,07-10-2022,7644651485,6032340239,4497.11,UK pounds,UK pounds,UK,UK,Debit card,TXN16398,0,Normal_Small_Fan_Out
21:45:20,07-10-2022,8848237254,352631277,95.48,UK pounds,UK pounds,UK,UK,Cash Withdrawal,TXN17525,0,Normal_Cash_Withdrawal
11:24:48,07-10-2022,1419661241,409707192,15622.36,UK pounds,UK pounds,UK,UK,Debit card,TXN1347,0,Normal_Fan_In
18:52:13,07-10-2022,4087217159,6212495582,394.65,UK pounds,UK pounds,UK,UK,Cheque,TXN13125,0,Normal_Small_Fan_Out
18:35:37,07-10-2022,2359340770,6403574245,108.42,UK pounds,UK pounds,UK,UK,Cash Withdrawal,TXN12674,0,Normal_Cash_Withdrawal
20:21:36,07-10-2022,3063140732,6321560452,14233.06,UK pounds,UK pounds,UK,UK,Debit card,TXN15456,0,Normal_Group
19:26:13,07-10-2022,3215246553,8938879680,94.09,UK pounds,UK pounds,UK,UK,Cash Withdrawal,TXN14002,0,Normal_Cash_Withdrawal
22:29:23,07-10-2022,2945772299,6823215676,3511.06,UK pounds,UK pounds,UK,UK,Cheque,TXN18622,0,Normal_Small_Fan_Out
11:52:23,07-10-2022,744181055,6514567123,1966.06,UK pounds,UK pounds,UK,UK,Cheque,TXN2120,0,Normal_Small_Fan_Out
20:15:52,07-10-2022,220093749,9432180260,22367.19,UK pounds,UK pounds,UK,UK,Debit card,TXN15305,0,Normal_Group
13:17:39,07-10-2022,9312861244,409707192,24172.68,UK pounds,UK pounds,UK,UK,Credit card,TXN4310,0,Normal_Fan_In
13:23:34,07-10-2022,7877700106,2534644942,25243.48,UK pounds,Euro,UK,France,Cross-border,TXN4485,0,Normal_Fan_In
17:31:09,07-10-2022,237682274,5109623450,7113.99,UK pounds,UK pounds,UK,UK,Debit card,TXN11014,0,Normal_Fan_In
13:34:42,07-10-2022,9834360373,2598995634,1333.13,UK pounds,UK pounds,UK,UK,Cash Deposit,TXN4771,0,Normal_Cash_Deposits
12:15:50,07-10-2022,8494878354,3695545812,5579.61,UK pounds,UK pounds,UK,UK,Credit card,TXN2713,0,Normal_Fan_In
18:16:36,07-10-2022,128336607,6953672776,9395.78,UK pounds,Mexican Peso,UK,Mexico,Cross-border,TXN12187,0,Normal_Fan_In
21:07:31,07-10-2022,6116657264,7541529999,5800.86,UK pounds,UK pounds,UK,UK,Credit card,TXN16616,0,Normal_Fan_Out
17:28:52,07-10-2022,8495876258,6831299818,174.25,UK pounds,Turkish lira,UK,Turkey,Cross-border,TXN10948,0,Normal_Cash_Withdrawal
12:09:07,07-10-2022,8543292650,1706802986,801.06,UK pounds,UK pounds,UK,UK,Cheque,TXN2546,0,Normal_Small_Fan_Out
18:33:38,07-10-2022,2299676190,2534644942,5866.77,UK pounds,Euro,UK,France,Cross-border,TXN12620,0,Normal_Fan_In
16:49:25,07-10-2022,4948550079,2929029718,3694.42,UK pounds,Dirham,UK,UAE,Cross-border,TXN9852,0,Normal_Small_Fan_Out
13:21:02,07-10-2022,4045011140,5628674969,6995.93,UK pounds,UK pounds,UK,UK,Cheque,TXN4411,0,Normal_Fan_In
23:09:12,07-10-2022,9697084270,1320927231,8413.7,Dirham,UK pounds,UK,UK,Debit card,TXN19648,0,Normal_Fan_In
18:22:50,07-10-2022,4636934352,3186859786,376.2,UK pounds,Pakistani rupee,UK,UK,ACH,TXN12345,0,Normal_Small_Fan_Out
18:25:06,07-10-2022,7016996253,5459405284,10535.7,UK pounds,UK pounds,UK,UK,Cheque,TXN12408,0,Normal_Small_Fan_Out
16:39:03,07-10-2022,7421451752,7591504865,12337.8,UK pounds,UK pounds,UK,UK,Cheque,TXN9611,0,Normal_Fan_Out
17:20:04,07-10-2022,6086421020,5888689265,9002.85,UK pounds,UK pounds,UK,UK,Credit card,TXN10719,0,Normal_Fan_Out
15:20:03,07-10-2022,6608944666,2354851458,1641.63,UK pounds,UK pounds,UK,UK,Debit card,TXN7572,0,Normal_Small_Fan_Out
12:49:49,07-10-2022,2547342518,8518184956,19927.95,UK pounds,UK pounds,UK,UK,ACH,TXN3571,0,Normal_Fan_In
16:00:01,07-10-2022,7669236826,375015805,4470.57,UK pounds,UK pounds,UK,UK,Debit card,TXN8603,0,Normal_Fan_Out
12:49:11,07-10-2022,2070714595,717639401,5559.31,UK pounds,UK pounds,UK,UK,Cash Deposit,TXN3560,0,Normal_Cash_Deposits
13:42:16,07-10-2022,1491989064,4658438113,8434.5,UK pounds,UK pounds,UK,UK,ACH,TXN4992,0,Normal_Fan_Out
15:14:54,07-10-2022,4770834194,2419344225,3033.52,UK pounds,UK pounds,UK,UK,Credit card,TXN7440,0,Normal_Small_Fan_Out
16:28:12,07-10-2022,3159650051,9846288597,2460.87,UK pounds,UK pounds,UK,UK,Cash Deposit,TXN9326,0,Normal_Cash_Deposits
11:58:49,07-10-2022,822669024,6855864868,2259.44,UK pounds,UK pounds,UK,UK,Cash Deposit,TXN2301,0,Normal_Cash_Deposits
15:23:29,07-10-2022,9702680613,4223287156,6950.7,UK pounds,UK pounds,UK,UK,Cheque,TXN7667,0,Normal_Group
14:13:06,07-10-2022,2365007895,2812285491,13047.47,UK pounds,UK pounds,UK,UK,Credit card,TXN5805,0,Normal_Fan_Out
18:10:25,07-10-2022,7692404770,8770850346,9187.6,UK pounds,UK pounds,UK,UK,Cheque,TXN12023,0,Normal_Small_Fan_Out
20:25:17,07-10-2022,553781253,3443340463,8063.59,UK pounds,UK pounds,UK,UK,ACH,TXN15538,0,Normal_Group
16:45:38,07-10-2022,2953681710,2816443423,1354.35,UK pounds,UK pounds,UK,UK,Cheque,TXN9758,0,Normal_Small_Fan_Out
18:09:59,07-10-2022,1505686023,8678802420,5490.74,UK pounds,UK pounds,UK,UK,Debit card,TXN12015,0,Normal_Fan_In
13:51:15,07-10-2022,3168051873,9923312753,12315.25,UK pounds,UK pounds,UK,UK,Debit card,TXN5212,0,Normal_Fan_Out
17:52:42,07-10-2022,1915450576,2088570270,18479.22,UK pounds,UK pounds,UK,UK,Cheque,TXN11549,0,Normal_Fan_Out
18:23:41,07-10-2022,5605104062,5321906341,966.31,UK pounds,UK pounds,UK,UK,Credit card,TXN12367,0,Normal_Small_Fan_Out
16:26:02,07-10-2022,5774648533,7892884492,11068.61,UK pounds,US dollar,UK,USA,Cross-border,TXN9271,0,Normal_Fan_In
13:04:44,07-10-2022,6679205752,5109623450,12083.23,UK pounds,UK pounds,UK,UK,Cheque,TXN3976,0,Normal_Fan_In
20:46:21,07-10-2022,2206902878,5109623450,9867.17,UK pounds,UK pounds,UK,UK,Cheque,TXN16091,0,Normal_Fan_In
21:33:03,07-10-2022,1600537380,8323355303,332.5,UK pounds,UK pounds,UK,UK,Credit card,TXN17233,0,Normal_Group
21:41:50,07-10-2022,7669236826,7637012883,20427.95,UK pounds,UK pounds,UK,UK,Credit card,TXN17444,0,Normal_Fan_Out
19:12:16,07-10-2022,9671814521,7921828886,502.64,UK pounds,UK pounds,UK,UK,ACH,TXN13657,0,Normal_Small_Fan_Out
20:29:20,07-10-2022,6232885366,3079818547,6083.8,UK pounds,UK pounds,UK,UK,ACH,TXN15646,0,Normal_Fan_In
12:16:32,07-10-2022,7501327339,8617863283,5741.27,UK pounds,UK pounds,UK,UK,Cheque,TXN2731,0,Normal_Fan_Out
12:38:45,07-10-2022,7207395469,1316458123,7492.17,UK pounds,Mexican Peso,UK,Mexico,Cross-border,TXN3299,0,Normal_Fan_In
16:14:12,07-10-2022,7590954849,3250768571,1612.42,UK pounds,UK pounds,UK,UK,Cheque,TXN8957,0,Normal_Small_Fan_Out
21:40:31,07-10-2022,3613219601,3220735304,17447.27,UK pounds,UK pounds,UK,UK,Cheque,TXN17411,0,Normal_Fan_In
20:09:42,07-10-2022,2567179356,3330349093,2325.6,Euro,UK pounds,UK,UK,ACH,TXN15156,0,Normal_Small_Fan_Out
21:35:15,07-10-2022,7659406201,2891241032,2850.56,UK pounds,UK pounds,UK,UK,Debit card,TXN17277,0,Normal_Small_Fan_Out
14:47:02,07-10-2022,3168051873,9923312753,12259.08,UK pounds,UK pounds,UK,UK,Debit card,TXN6704,0,Normal_Fan_Out
11:46:33,07-10-2022,273040338,6572265545,2352.67,UK pounds,UK pounds,UK,UK,Cash Deposit,TXN1969,0,Normal_Cash_Deposits
13:40:32,07-10-2022,7758268667,1709703404,5491.26,UK pounds,UK pounds,UK,UK,Debit card,TXN4937,1,Risk_Profiling
11:52:11,07-10-2022,2994919804,4190110489,3222.98,UK pounds,UK pounds,UK,UK,Credit card,TXN2113,1,Risk_Profiling
11:07:42,07-10-2022,8987848252,7140265767,5324.7,UK pounds,UK pounds,UK,UK,ACH,TXN879,1,Risk_Profiling
22:47:23,07-10-2022,374414130,3220735304,10425.73,UK pounds,UK pounds,UK,UK,ACH,TXN19076,1,Behavioural_Change_1
18:47:02,07-10-2022,4446515574,2138505015,12562.22,UK pounds,Dirham,UK,UAE,Cross-border,TXN12990,1,Behavioural_Change_1
15:08:22,07-10-2022,5376542601,910029929,536.33,UK pounds,UK pounds,UK,UK,Cheque,TXN7278,1,Risk_Profiling
14:09:31,07-10-2022,9248338532,5490540282,592.34,Euro,UK pounds,Austria,UK,Cross-border,TXN5710,0,Normal_Small_Fan_Out
18:12:41,07-10-2022,8745647624,4378952507,148.85,UK pounds,UK pounds,UK,UK,Cash Withdrawal,TXN12079,0,Normal_Cash_Withdrawal
14:46:23,07-10-2022,9734083970,6864265387,6111.68,Pakistani rupee,UK pounds,UK,UK,Cheque,TXN6688,0,Normal_Fan_Out
14:36:07,07-10-2022,3306225869,3938282574,2342.41,UK pounds,UK pounds,UK,UK,Credit card,TXN6419,0,Normal_Periodical
17:10:12,07-10-2022,4670225407,703084721,2115.18,UK pounds,UK pounds,UK,UK,Debit card,TXN10432,0,Normal_Small_Fan_Out
16:54:27,07-10-2022,7548422007,4270865741,7625.01,UK pounds,UK pounds,UK,UK,Cheque,TXN9983,0,Normal_Fan_In
22:47:17,07-10-2022,5010989942,902703056,1278.14,UK pounds,UK pounds,UK,UK,Debit card,TXN19074,0,Normal_Small_Fan_Out
13:28:43,07-10-2022,8047909179,2584568182,2780.17,UK pounds,UK pounds,UK,UK,Credit card,TXN4630,0,Normal_Periodical
16:10:29,07-10-2022,9946423251,100251233,4721.96,UK pounds,UK pounds,UK,UK,Debit card,TXN8863,0,Normal_Small_Fan_Out
13:30:12,07-10-2022,4869510336,413046602,3063.75,UK pounds,UK pounds,UK,UK,Cash Deposit,TXN4668,0,Normal_Cash_Deposits
19:32:18,07-10-2022,3697918511,7160736915,6616.98,UK pounds,UK pounds,UK,UK,Debit card,TXN14164,0,Normal_Fan_In
10:49:00,07-10-2022,822128135,324464903,13269.07,UK pounds,UK pounds,UK,UK,ACH,TXN386,0,Normal_Foward
13:12:51,07-10-2022,4488993732,9606537579,589.78,UK pounds,UK pounds,UK,UK,Debit card,TXN4187,0,Normal_Group
13:56:28,07-10-2022,6606414227,3266531987,4806.57,UK pounds,UK pounds,UK,UK,Debit card,TXN5346,0,Normal_Foward
11:54:44,07-10-2022,7937917609,2485355071,4699.96,UK pounds,UK pounds,UK,UK,Credit card,TXN2196,0,Normal_Small_Fan_Out
20:03:11,07-10-2022,8694680183,7733136101,931.39,UK pounds,UK pounds,UK,UK,Debit card,TXN14991,0,Normal_Small_Fan_Out
18:34:12,07-10-2022,7669236826,8384550734,4854.55,UK pounds,UK pounds,UK,UK,Cheque,TXN12635,0,Normal_Fan_Out
11:14:30,07-10-2022,6090011316,1228571638,679.34,UK pounds,UK pounds,UK,UK,Debit card,TXN1078,0,Normal_Small_Fan_Out
14:31:13,07-10-2022,918497015,2284006001,671.26,UK pounds,UK pounds,UK,UK,Debit card,TXN6287,0,Normal_Small_Fan_Out
14:17:42,07-10-2022,7723120112,1431561040,8497.49,UK pounds,UK pounds,UK,UK,Credit card,TXN5934,0,Normal_Fan_In
22:24:42,07-10-2022,8937492552,4110817554,7317.21,UK pounds,UK pounds,UK,UK,Credit card,TXN18513,0,Normal_Small_Fan_Out
23:11:38,07-10-2022,480601741,1606570965,3101.93,UK pounds,UK pounds,UK,UK,Cheque,TXN19718,0,Normal_Small_Fan_Out
19:00:56,07-10-2022,1921538611,3977303730,13233.07,UK pounds,UK pounds,UK,UK,ACH,TXN13364,0,Normal_Small_Fan_Out
15:39:15,07-10-2022,5881364295,5466123934,7522.75,UK pounds,UK pounds,UK,UK,Debit card,TXN8073,0,Normal_Fan_In
21:24:25,07-10-2022,3168051873,999810092,11439.05,UK pounds,UK pounds,UK,UK,ACH,TXN17021,0,Normal_Fan_Out
16:36:33,07-10-2022,6013656958,1252248073,10974.32,UK pounds,UK pounds,UK,UK,ACH,TXN9544,0,Normal_Small_Fan_Out
22:47:59,07-10-2022,4121324384,7417210636,10938.72,Euro,UK pounds,Spain,UK,Cross-border,TXN19095,0,Normal_Fan_Out
19:00:41,07-10-2022,7465376243,2654916455,4794.05,UK pounds,UK pounds,UK,UK,Credit card,TXN13356,0,Normal_Small_Fan_Out
22:29:57,07-10-2022,6743376113,621060264,25540.05,UK pounds,UK pounds,UK,UK,Credit card,TXN18632,0,Normal_Fan_In
12:21:02,07-10-2022,5411794037,8352571580,7176.57,UK pounds,UK pounds,UK,UK,ACH,TXN2849,0,Normal_Fan_In
18:39:32,07-10-2022,6057444675,7945788794,5167.43,UK pounds,UK pounds,UK,UK,Cheque,TXN12792,0,Normal_Fan_Out
15:26:06,07-10-2022,5100957110,7178951436,936.66,UK pounds,UK pounds,UK,UK,Debit card,TXN7723,0,Normal_Small_Fan_Out
11:05:48,07-10-2022,9811317821,184266234,1870.06,UK pounds,UK pounds,UK,UK,Debit card,TXN813,0,Normal_Group
17:38:07,07-10-2022,4634060744,7543096358,14452.11,UK pounds,UK pounds,UK,UK,Credit card,TXN11194,0,Normal_Small_Fan_Out
13:48:37,07-10-2022,3205005594,812535187,14036.07,UK pounds,UK pounds,UK,UK,Cheque,TXN5136,0,Normal_Group
15:56:32,07-10-2022,7758268667,5660302132,5064.15,UK pounds,UK pounds,UK,UK,Debit card,TXN8511,0,Normal_Fan_Out
15:14:46,07-10-2022,7620822410,6760489230,1693.78,UK pounds,UK pounds,UK,UK,ACH,TXN7435,0,Normal_Small_Fan_Out
21:01:48,07-10-2022,7281250524,8758576333,294.59,UK pounds,Euro,UK,Germany,Cross-border,TXN16477,0,Normal_Small_Fan_Out
11:09:43,07-10-2022,5982914936,7629589738,5727.58,UK pounds,UK pounds,UK,UK,Cheque,TXN937,0,Normal_Fan_Out
18:07:25,07-10-2022,4684563438,1320927231,9716,UK pounds,UK pounds,UK,UK,Debit card,TXN11966,0,Normal_Fan_In
11:36:55,07-10-2022,8713878179,6855935396,8426.65,UK pounds,UK pounds,UK,UK,Debit card,TXN1693,0,Normal_Fan_In
14:28:10,07-10-2022,9920806265,5149752568,889.05,UK pounds,UK pounds,UK,UK,Cheque,TXN6217,0,Normal_Small_Fan_Out
16:33:21,07-10-2022,6424719916,388494449,1434.54,UK pounds,UK pounds,UK,UK,ACH,TXN9460,0,Normal_Small_Fan_Out
18:30:10,07-10-2022,828863930,3643725506,61.78,UK pounds,UK pounds,UK,UK,Debit card,TXN12528,0,Normal_Small_Fan_Out
20:23:02,07-10-2022,1581864055,1551941930,4939.94,UK pounds,UK pounds,UK,UK,Cheque,TXN15485,0,Normal_Mutual
14:12:45,07-10-2022,2101877453,621060264,10637.25,UK pounds,UK pounds,UK,UK,ACH,TXN5793,0,Normal_Fan_In
18:20:00,07-10-2022,6086421020,674564051,14278.59,UK pounds,UK pounds,UK,UK,ACH,TXN12267,0,Normal_Fan_Out
11:55:34,07-10-2022,582717708,7892884492,17599.85,UK pounds,US dollar,UK,USA,Cross-border,TXN2222,0,Normal_Fan_In
20:33:45,07-10-2022,9390718271,3980965252,640.02,UK pounds,UK pounds,UK,UK,Credit card,TXN15758,0,Normal_Small_Fan_Out
13:31:06,07-10-2022,8473871613,8359378095,2289.14,UK pounds,UK pounds,UK,UK,Credit card,TXN4694,0,Normal_Small_Fan_Out
16:58:50,07-10-2022,9599009457,8900742620,6195.42,UK pounds,Swiss franc,UK,Switzerland,Cross-border,TXN10109,0,Normal_Fan_Out
13:47:24,07-10-2022,2981214459,7160736915,5544.01,UK pounds,UK pounds,UK,UK,Cheque,TXN5108,0,Normal_Fan_In
19:05:52,07-10-2022,1307080485,9577321694,30.05,UK pounds,UK pounds,UK,UK,Cash Withdrawal,TXN13481,0,Normal_Cash_Withdrawal
13:33:24,07-10-2022,6411476316,8352571580,9817.69,UK pounds,UK pounds,UK,UK,Debit card,TXN4746,0,Normal_Fan_In
11:34:03,07-10-2022,4781791357,7464410589,13697.47,UK pounds,Yen,UK,Japan,Cross-border,TXN1605,0,Normal_Mutual
21:39:55,07-10-2022,128336607,6953672776,9481.82,UK pounds,Mexican Peso,UK,Mexico,Cross-border,TXN17396,0,Normal_Fan_In
21:17:50,07-10-2022,6742623852,551907699,9111.1,UK pounds,UK pounds,UK,UK,Credit card,TXN16864,0,Normal_Periodical
15:44:52,07-10-2022,8047909179,2584568182,2709.57,UK pounds,UK pounds,UK,UK,ACH,TXN8214,0,Normal_Periodical
11:14:56,07-10-2022,8456279067,3889335486,14545.75,UK pounds,UK pounds,UK,UK,Cheque,TXN1093,0,Normal_Fan_Out
19:21:14,07-10-2022,2714099823,2296846248,3733.48,UK pounds,UK pounds,UK,UK,ACH,TXN13885,0,Normal_Small_Fan_Out
14:32:17,07-10-2022,3148115914,4213328643,309.98,UK pounds,UK pounds,UK,UK,Cheque,TXN6312,0,Normal_Small_Fan_Out
16:16:12,07-10-2022,675669049,6744312059,9508.46,UK pounds,UK pounds,UK,UK,Credit card,TXN9013,0,Normal_Fan_Out
10:47:44,07-10-2022,8677774943,9398516249,4823.24,UK pounds,UK pounds,UK,UK,ACH,TXN352,0,Normal_Small_Fan_Out
19:55:35,07-10-2022,3354708439,8530630389,2042.49,UK pounds,UK pounds,UK,UK,ACH,TXN14783,0,Normal_Small_Fan_Out
11:31:23,07-10-2022,2170161481,764476155,6124.16,UK pounds,UK pounds,UK,UK,Cheque,TXN1531,0,Normal_Foward
19:09:54,07-10-2022,1563802337,5850781436,13695.57,UK pounds,UK pounds,UK,UK,Credit card,TXN13592,0,Normal_Small_Fan_Out
20:12:01,07-10-2022,5641138728,1985012324,10387.15,UK pounds,UK pounds,UK,UK,Credit card,TXN15216,0,Normal_Small_Fan_Out
17:52:29,07-10-2022,665026751,3519978088,5031.63,UK pounds,UK pounds,UK,UK,ACH,TXN11541,0,Normal_Small_Fan_Out
10:42:26,07-10-2022,7018140784,5919128024,2356.78,UK pounds,UK pounds,UK,UK,ACH,TXN219,0,Normal_Small_Fan_Out
14:51:12,07-10-2022,6395804064,591643438,3417.3,UK pounds,UK pounds,UK,UK,Cash Deposit,TXN6814,0,Normal_Cash_Deposits
13:57:04,07-10-2022,4468160023,6399586084,149.19,UK pounds,UK pounds,UK,UK,Cash Deposit,TXN5358,0,Normal_Cash_Deposits
20:32:45,07-10-2022,3709430533,2002969578,6338.83,UK pounds,UK pounds,UK,UK,Debit card,TXN15730,0,Normal_Fan_Out
18:49:03,07-10-2022,3260086590,6414947777,2962.2,UK pounds,UK pounds,UK,UK,ACH,TXN13044,0,Normal_Small_Fan_Out
11:28:38,07-10-2022,6852182033,3203801265,155.02,UK pounds,UK pounds,UK,UK,Cash Withdrawal,TXN1454,0,Normal_Cash_Withdrawal
20:01:09,07-10-2022,9188382243,72046190,5171.4,UK pounds,UK pounds,UK,UK,Credit card,TXN14933,0,Normal_Group
13:33:09,07-10-2022,3168051873,4856706287,13227.56,UK pounds,UK pounds,UK,UK,Cheque,TXN4741,0,Normal_Fan_Out
12:19:40,07-10-2022,1903200889,8146065623,7083.72,UK pounds,UK pounds,UK,UK,Cheque,TXN2815,0,Normal_Small_Fan_Out
15:32:07,07-10-2022,7920786471,1455854981,8638.05,UK pounds,UK pounds,UK,UK,Debit card,TXN7887,0,Normal_Small_Fan_Out
13:41:52,07-10-2022,7669236826,6127165731,10987.89,UK pounds,UK pounds,UK,UK,Cheque,TXN4974,0,Normal_Fan_Out
11:18:56,07-10-2022,9938882588,7388995962,772.84,UK pounds,UK pounds,UK,UK,ACH,TXN1183,0,Normal_Small_Fan_Out
16:56:12,07-10-2022,2283921970,2655554013,318.9,Turkish lira,UK pounds,UK,UK,Credit card,TXN10036,0,Normal_Small_Fan_Out
13:03:53,07-10-2022,398847987,6953672776,13308.63,UK pounds,Mexican Peso,UK,Mexico,Cross-border,TXN3948,0,Normal_Fan_In
12:34:01,07-10-2022,7258479171,216432405,5588.14,UK pounds,UK pounds,UK,UK,Debit card,TXN3190,0,Normal_Small_Fan_Out
19:43:36,07-10-2022,9534729015,6566600689,20489.26,UK pounds,UK pounds,UK,UK,Credit card,TXN14481,0,Normal_Fan_Out
23:16:36,07-10-2022,1750168908,982608228,1084.71,UK pounds,UK pounds,UK,UK,Credit card,TXN19827,0,Normal_Group
16:39:26,07-10-2022,9261836642,7080357663,13579.37,UK pounds,UK pounds,UK,UK,ACH,TXN9624,0,Normal_Fan_In
11:11:59,07-10-2022,1220646142,8172080174,7759.82,Pakistani rupee,UK pounds,Pakistan,UK,Cross-border,TXN1007,0,Normal_Fan_In
12:00:05,07-10-2022,3186698068,3070846090,1132.86,UK pounds,UK pounds,UK,UK,ACH,TXN2326,0,Normal_Small_Fan_Out
17:17:53,07-10-2022,7570225629,1493436023,4345.24,UK pounds,UK pounds,UK,UK,ACH,TXN10646,0,Normal_Fan_In
23:04:48,07-10-2022,2669265740,6223365730,10540,UK pounds,UK pounds,UK,UK,ACH,TXN19524,0,Normal_Fan_In
21:52:55,07-10-2022,3614082527,3099235880,8975.43,UK pounds,UK pounds,UK,UK,Cheque,TXN17726,0,Normal_Fan_Out
14:10:32,07-10-2022,9524699578,7815302114,10851.14,UK pounds,UK pounds,UK,UK,Cheque,TXN5744,0,Normal_Group
18:35:46,07-10-2022,942349529,8518184956,6984.18,UK pounds,UK pounds,UK,UK,Debit card,TXN12681,0,Normal_Fan_In
19:47:30,07-10-2022,8686443013,3695545812,8211.99,UK pounds,UK pounds,UK,UK,Debit card,TXN14584,0,Normal_Fan_In
22:54:44,07-10-2022,5936713526,7160736915,14168,UK pounds,UK pounds,UK,UK,Debit card,TXN19258,0,Normal_Fan_In
18:04:44,07-10-2022,3808389654,1431561040,9170.31,UK pounds,UK pounds,UK,UK,Credit card,TXN11882,0,Normal_Fan_In
11:13:00,07-10-2022,5982914936,6615626527,22304.23,UK pounds,UK pounds,UK,UK,ACH,TXN1028,0,Normal_Fan_Out
13:08:25,07-10-2022,703647888,1431561040,19964.67,UK pounds,UK pounds,UK,UK,ACH,TXN4070,0,Normal_Fan_In
22:27:04,07-10-2022,3003746713,2401493979,1205.66,UK pounds,UK pounds,UK,UK,Credit card,TXN18573,0,Normal_Small_Fan_Out
19:50:22,07-10-2022,9702680613,4372513948,9419.57,UK pounds,UK pounds,UK,UK,Cheque,TXN14653,0,Normal_Group
14:45:04,07-10-2022,826653192,1431561040,11237.62,UK pounds,UK pounds,UK,UK,ACH,TXN6651,0,Normal_Fan_In
20:34:43,07-10-2022,2241446034,103490431,2207.94,UK pounds,UK pounds,UK,UK,Debit card,TXN15784,0,Normal_Small_Fan_Out
21:50:03,07-10-2022,1207494413,7783725087,13703.44,UK pounds,UK pounds,UK,UK,Debit card,TXN17649,0,Normal_Small_Fan_Out
13:28:33,07-10-2022,1706196950,3695545812,4914.25,UK pounds,UK pounds,UK,UK,Credit card,TXN4623,0,Normal_Fan_In
17:08:45,07-10-2022,3510078932,651572065,9195.22,UK pounds,UK pounds,UK,UK,Cheque,TXN10386,0,Normal_Fan_Out
19:12:35,07-10-2022,8560640348,5971193761,12018.37,UK pounds,UK pounds,UK,UK,Debit card,TXN13671,0,Normal_Small_Fan_Out
19:27:53,07-10-2022,8035399972,6328691080,932.44,UK pounds,UK pounds,UK,UK,Credit card,TXN14047,0,Normal_Small_Fan_Out
11:46:20,07-10-2022,2576623544,621060264,10533.08,UK pounds,UK pounds,UK,UK,Cheque,TXN1963,0,Normal_Fan_In
23:18:04,07-10-2022,4266155086,8463936684,5265.65,UK pounds,UK pounds,UK,UK,ACH,TXN19875,0,Normal_Small_Fan_Out
11:33:58,07-10-2022,8452626567,8480920549,12349.37,UK pounds,UK pounds,UK,UK,Cheque,TXN1600,0,Normal_Small_Fan_Out
16:41:33,07-10-2022,6456964355,6646502650,5718.59,UK pounds,Euro,UK,France,Cross-border,TXN9676,0,Normal_Fan_In
17:28:56,07-10-2022,5576907712,5512739322,1534.81,UK pounds,UK pounds,UK,UK,Debit card,TXN10953,0,Normal_Small_Fan_Out
13:18:38,07-10-2022,2457069376,8673917867,7726,UK pounds,UK pounds,UK,UK,Credit card,TXN4334,0,Normal_Fan_In
18:13:32,07-10-2022,1805171806,1465487567,5830.09,UK pounds,UK pounds,UK,UK,Cheque,TXN12100,0,Normal_Fan_In
14:56:28,07-10-2022,1422283326,153564875,1707.47,UK pounds,UK pounds,UK,UK,Cash Deposit,TXN6956,0,Normal_Cash_Deposits
22:37:38,07-10-2022,6030009859,979363128,59949.37,UK pounds,UK pounds,UK,UK,Debit card,TXN18822,0,Normal_Mutual
15:57:58,07-10-2022,980354208,6147424789,1191.45,UK pounds,UK pounds,UK,UK,Cheque,TXN8546,0,Normal_Small_Fan_Out
20:41:28,07-10-2022,3711017685,5896180453,11149.71,UK pounds,UK pounds,UK,UK,Credit card,TXN15975,0,Normal_Fan_In
19:14:14,07-10-2022,4133919436,1795451779,19272.33,UK pounds,UK pounds,UK,UK,ACH,TXN13723,0,Normal_Small_Fan_Out
11:01:32,07-10-2022,9007109501,9432959290,2049.02,UK pounds,UK pounds,UK,UK,Debit card,TXN696,0,Normal_Small_Fan_Out
20:28:50,07-10-2022,5982914936,5903480509,7940.93,UK pounds,Euro,UK,Italy,Cross-border,TXN15631,0,Normal_Fan_Out
19:09:51,07-10-2022,1491989064,123413463,10318.21,UK pounds,UK pounds,UK,UK,Debit card,TXN13590,0,Normal_Fan_Out
19:45:09,07-10-2022,8268125381,5950137304,965,UK pounds,UK pounds,UK,UK,Cheque,TXN14522,0,Normal_Small_Fan_Out
23:19:36,07-10-2022,9746384104,6973117783,4582.45,UK pounds,Mexican Peso,UK,Mexico,Cross-border,TXN19918,0,Normal_Fan_Out
16:46:16,07-10-2022,8952177221,6404529552,7767.47,UK pounds,UK pounds,UK,UK,Cheque,TXN9771,0,Normal_Fan_Out
19:01:53,07-10-2022,5637214862,7500256845,5308.33,UK pounds,UK pounds,UK,UK,Cheque,TXN13378,0,Normal_Periodical
11:13:08,07-10-2022,5021785800,9745680135,12703.36,UK pounds,Yen,UK,Japan,Cross-border,TXN1035,0,Normal_Fan_Out
17:24:52,07-10-2022,8603438385,835363837,4611.98,UK pounds,Pakistani rupee,UK,UK,ACH,TXN10843,0,Normal_Small_Fan_Out
21:06:45,07-10-2022,34088849,9490945677,78.45,UK pounds,UK pounds,UK,UK,Cash Withdrawal,TXN16593,0,Normal_Cash_Withdrawal
17:09:56,07-10-2022,9744328675,8678802420,4438.42,UK pounds,UK pounds,UK,UK,Credit card,TXN10422,0,Normal_Fan_In
17:29:47,07-10-2022,3614082527,1542761342,7391.53,UK pounds,UK pounds,UK,UK,ACH,TXN10980,0,Normal_Fan_Out
11:52:42,07-10-2022,8389148416,721717864,17081.76,UK pounds,UK pounds,UK,UK,Debit card,TXN2128,0,Normal_Fan_Out
18:16:40,07-10-2022,9229940625,8518184956,9030.79,UK pounds,UK pounds,UK,UK,Credit card,TXN12188,0,Normal_Fan_In
14:18:57,07-10-2022,7944277938,3020616679,53.58,UK pounds,UK pounds,UK,UK,Cheque,TXN5971,0,Normal_Small_Fan_Out
18:55:34,07-10-2022,4203598830,3427401259,10068.3,UK pounds,UK pounds,UK,UK,Debit card,TXN13226,0,Normal_Small_Fan_Out
11:11:34,07-10-2022,8694532419,155800702,4510.42,UK pounds,UK pounds,UK,UK,ACH,TXN994,0,Normal_Small_Fan_Out
20:07:40,07-10-2022,8053683950,6522784509,6077.12,UK pounds,UK pounds,UK,UK,Credit card,TXN15085,0,Normal_Periodical
19:57:50,07-10-2022,5126476939,6198523009,6683.62,UK pounds,UK pounds,UK,UK,Debit card,TXN14846,0,Normal_Group
20:01:43,07-10-2022,7501327339,9848553102,10418.66,UK pounds,UK pounds,UK,UK,Credit card,TXN14946,0,Normal_Fan_Out
10:51:26,07-10-2022,5799589640,8287462977,976.8,UK pounds,UK pounds,UK,UK,Cheque,TXN448,0,Normal_Small_Fan_Out
21:35:16,07-10-2022,3614082527,219930770,13126.87,UK pounds,UK pounds,UK,UK,ACH,TXN17278,0,Normal_Fan_Out
14:00:05,07-10-2022,7756271379,3559355150,3123.7,UK pounds,UK pounds,UK,UK,Debit card,TXN5454,0,Normal_Small_Fan_Out
12:34:50,07-10-2022,5129405951,9349227107,6302.02,UK pounds,UK pounds,UK,UK,Cheque,TXN3212,0,Normal_Group
14:04:13,07-10-2022,8987160101,7611020824,359.92,UK pounds,UK pounds,UK,UK,Debit card,TXN5562,0,Normal_Small_Fan_Out
22:41:05,07-10-2022,1394177372,1465487567,11503.69,UK pounds,UK pounds,UK,UK,ACH,TXN18912,0,Normal_Fan_In
12:34:50,07-10-2022,5793273539,2710108791,8727.06,UK pounds,UK pounds,UK,UK,Cheque,TXN3211,0,Normal_Group
19:18:23,07-10-2022,554089014,1308371215,2244.59,UK pounds,UK pounds,UK,UK,ACH,TXN13814,0,Normal_Small_Fan_Out
16:14:38,07-10-2022,3854834491,2095396559,4162.23,UK pounds,UK pounds,UK,UK,Credit card,TXN8967,0,Normal_Small_Fan_Out
21:50:16,07-10-2022,469863268,3066321263,14173.59,UK pounds,UK pounds,UK,UK,Cheque,TXN17654,0,Normal_Fan_In
17:17:56,07-10-2022,7287194587,1323496769,402.21,UK pounds,UK pounds,UK,UK,Cheque,TXN10650,0,Normal_Small_Fan_Out
23:11:26,07-10-2022,971196785,1431561040,23046.74,UK pounds,UK pounds,UK,UK,Debit card,TXN19715,0,Normal_Fan_In
13:04:38,07-10-2022,9707989791,6513250919,10888.77,UK pounds,UK pounds,UK,UK,ACH,TXN3972,0,Normal_Small_Fan_Out
17:23:44,07-10-2022,5049922649,6310171769,4456.36,UK pounds,UK pounds,UK,UK,Cash Deposit,TXN10808,0,Normal_Cash_Deposits
23:05:51,07-10-2022,6782294771,6994879179,204.33,UK pounds,UK pounds,UK,UK,Cheque,TXN19545,0,Normal_Small_Fan_Out
17:45:04,07-10-2022,3360510026,2464908091,8654.9,UK pounds,UK pounds,UK,UK,Credit card,TXN11367,0,Normal_Small_Fan_Out
12:57:40,07-10-2022,4723297015,4985199811,2100.44,UK pounds,UK pounds,UK,UK,Cheque,TXN3779,0,Normal_Small_Fan_Out
18:50:37,07-10-2022,8852871951,3695545812,5010.88,UK pounds,UK pounds,UK,UK,Credit card,TXN13080,0,Normal_Fan_In
14:33:43,07-10-2022,2389467192,2222767656,657.14,UK pounds,UK pounds,UK,UK,Debit card,TXN6353,0,Normal_Small_Fan_Out
13:05:52,07-10-2022,721341092,5030513067,1120.45,UK pounds,UK pounds,UK,UK,Credit card,TXN4008,0,Normal_Small_Fan_Out
12:57:37,07-10-2022,7758268667,5402206630,6219.5,UK pounds,UK pounds,UK,UK,Credit card,TXN3777,0,Normal_Fan_Out
21:29:28,07-10-2022,768569965,6595898368,2071.64,UK pounds,UK pounds,UK,UK,Credit card,TXN17148,0,Normal_Small_Fan_Out
19:30:06,07-10-2022,3614082527,4917300261,6112.64,UK pounds,UK pounds,UK,UK,Credit card,TXN14105,0,Normal_Fan_Out
22:50:36,07-10-2022,2415647808,4528021946,5136.22,Euro,UK pounds,Spain,UK,Cross-border,TXN19146,0,Normal_Group
22:52:11,07-10-2022,6303992479,5628674969,13162.26,UK pounds,UK pounds,UK,UK,Cheque,TXN19184,0,Normal_Fan_In
15:53:14,07-10-2022,9144792882,315737488,2991.99,UK pounds,UK pounds,UK,UK,ACH,TXN8427,0,Normal_Group
13:18:56,07-10-2022,6086421020,3504466346,18974.99,UK pounds,UK pounds,UK,UK,Cheque,TXN4338,0,Normal_Fan_Out
15:40:49,07-10-2022,6156834944,8678802420,21551.84,UK pounds,UK pounds,UK,UK,Debit card,TXN8118,0,Normal_Fan_In
15:27:18,07-10-2022,52431743,567191072,3867.95,UK pounds,UK pounds,UK,UK,Cheque,TXN7764,0,Normal_Small_Fan_Out
19:26:30,07-10-2022,4812257910,1482941382,3707.62,UK pounds,UK pounds,UK,UK,ACH,TXN14013,0,Normal_Small_Fan_Out
19:12:04,07-10-2022,3129305916,2632641830,22396.79,UK pounds,UK pounds,UK,UK,Debit card,TXN13652,0,Normal_Small_Fan_Out
10:51:16,07-10-2022,3162568567,2463385876,3067.18,UK pounds,UK pounds,UK,UK,Credit card,TXN439,0,Normal_Small_Fan_Out
21:04:10,07-10-2022,3888034471,2090344019,1907.23,UK pounds,UK pounds,UK,UK,ACH,TXN16534,0,Normal_Small_Fan_Out
12:37:37,07-10-2022,6321560452,1627096143,809.76,UK pounds,UK pounds,UK,UK,Debit card,TXN3270,0,Normal_Group
12:56:42,07-10-2022,7977273130,5108832090,16744.06,UK pounds,UK pounds,UK,UK,Credit card,TXN3753,0,Normal_Small_Fan_Out
16:20:16,07-10-2022,9195060952,4270865741,12632.81,UK pounds,UK pounds,UK,UK,Credit card,TXN9114,0,Normal_Fan_In
16:32:40,07-10-2022,4519349319,8180125318,3072.93,UK pounds,UK pounds,UK,UK,Credit card,TXN9441,1,Risk_Profiling
11:38:54,07-10-2022,7711304271,2451874011,2677.62,UK pounds,UK pounds,UK,UK,Debit card,TXN1740,1,Risk_Profiling
10:58:03,07-10-2022,8973622440,2502236532,3933.46,UK pounds,UK pounds,UK,UK,Cash Deposit,TXN607,1,Risk_Profiling
21:26:30,07-10-2022,8820389620,4336977506,7404.19,UK pounds,UK pounds,UK,UK,Debit card,TXN17086,1,Risk_Profiling
18:47:25,07-10-2022,7758268667,1709703404,5553,UK pounds,UK pounds,UK,UK,Debit card,TXN12999,1,Risk_Profiling
21:22:19,07-10-2022,8650977659,1763289984,3848.51,UK pounds,UK pounds,UK,UK,Debit card,TXN16973,1,Behavioural_Change_1
22:19:22,07-10-2022,8545675247,6382195608,1767.9,UK pounds,UK pounds,UK,UK,Cheque,TXN18367,1,Behavioural_Change_1
20:30:55,07-10-2022,2319300432,251500994,72.08,UK pounds,UK pounds,UK,UK,Cash Withdrawal,TXN15684,1,Risk_Profiling
17:31:46,07-10-2022,9302522864,5466123934,8451.17,UK pounds,UK pounds,UK,UK,ACH,TXN11038,1,Behavioural_Change_1
14:10:43,07-10-2022,1490260385,1377603863,7370,UK pounds,UK pounds,UK,UK,ACH,TXN5747,1,Behavioural_Change_1
17:53:49,07-10-2022,9599009457,7106391404,9929.64,UK pounds,Yen,UK,Japan,Cross-border,TXN11585,0,Normal_Fan_Out
14:30:47,07-10-2022,4842221383,1341117067,145.59,UK pounds,UK pounds,UK,UK,Debit card,TXN6271,0,Normal_Small_Fan_Out
16:10:03,07-10-2022,6282070189,8518184956,18004.79,UK pounds,UK pounds,UK,UK,Credit card,TXN8852,0,Normal_Fan_In
22:20:43,07-10-2022,9734083970,6864265387,6106.23,UK pounds,UK pounds,UK,UK,Debit card,TXN18409,0,Normal_Fan_Out
14:43:21,07-10-2022,1144646660,1493436023,5157.43,UK pounds,UK pounds,UK,UK,Cheque,TXN6601,0,Normal_Fan_In
17:45:35,07-10-2022,7758268667,3325153054,9927.53,UK pounds,UK pounds,UK,UK,Cheque,TXN11379,0,Normal_Fan_Out
21:31:23,07-10-2022,4116282405,7316350001,1141.27,UK pounds,UK pounds,UK,UK,ACH,TXN17190,0,Normal_Small_Fan_Out
17:54:24,07-10-2022,83904730,9473904217,2133.66,UK pounds,UK pounds,UK,UK,Cheque,TXN11606,0,Normal_Small_Fan_Out
14:54:45,07-10-2022,9599009457,2048840179,5202.85,UK pounds,UK pounds,UK,UK,Debit card,TXN6910,0,Normal_Fan_Out
11:02:58,07-10-2022,3567089560,4547973270,6623.92,UK pounds,Euro,UK,Italy,Cross-border,TXN739,0,Normal_Periodical
11:47:49,07-10-2022,9452975673,6784947771,1638.64,UK pounds,UK pounds,UK,UK,Credit card,TXN1995,0,Normal_Small_Fan_Out
10:39:48,07-10-2022,5935592628,1224735825,3471.41,UK pounds,UK pounds,UK,UK,Cash Deposit,TXN120,0,Normal_Cash_Deposits
20:00:57,07-10-2022,8333589663,1465487567,16514.01,UK pounds,UK pounds,UK,UK,Debit card,TXN14927,0,Normal_Fan_In
21:48:17,07-10-2022,1378784400,2773607558,6965.43,UK pounds,UK pounds,UK,UK,ACH,TXN17610,0,Normal_Fan_Out
21:41:26,07-10-2022,1238894379,6444220418,6232.2,UK pounds,UK pounds,UK,UK,Debit card,TXN17437,0,Normal_Fan_In
22:26:23,07-10-2022,4064804943,2825826885,15876.39,UK pounds,Dirham,UK,UAE,Cross-border,TXN18554,0,Normal_Small_Fan_Out
15:09:00,07-10-2022,2317374633,5249159861,8333.33,UK pounds,UK pounds,UK,UK,Debit card,TXN7294,0,Normal_Small_Fan_Out
12:42:50,07-10-2022,3238526156,1465487567,21203.91,UK pounds,UK pounds,UK,UK,Cheque,TXN3406,0,Normal_Fan_In
17:14:05,07-10-2022,283280424,5147925002,10414.94,UK pounds,UK pounds,UK,UK,ACH,TXN10538,0,Normal_Small_Fan_Out
22:23:01,07-10-2022,5982914936,7629589738,5687.35,UK pounds,UK pounds,UK,UK,Debit card,TXN18467,0,Normal_Fan_Out
16:00:55,07-10-2022,581778780,5466123934,5223.28,UK pounds,UK pounds,UK,UK,Cheque,TXN8627,0,Normal_Fan_In
12:46:14,07-10-2022,5748489103,5971760311,3252.35,UK pounds,US dollar,UK,USA,Cross-border,TXN3482,1,Behavioural_Change_1
21:56:47,07-10-2022,8523021855,2534644942,13564.29,UK pounds,Pakistani rupee,UK,France,Cross-border,TXN17819,0,Normal_Fan_In
10:40:05,07-10-2022,2740260267,674433873,2747.96,UK pounds,UK pounds,UK,UK,Cash Deposit,TXN128,0,Normal_Cash_Deposits
19:03:52,07-10-2022,9066985971,5126303485,4316.31,UK pounds,UK pounds,UK,UK,Debit card,TXN13427,0,Normal_Group
17:16:34,07-10-2022,2227629915,7118124903,348.88,UK pounds,UK pounds,UK,UK,Credit card,TXN10611,0,Normal_Small_Fan_Out
20:14:40,07-10-2022,3894781714,8172080174,5398.51,UK pounds,UK pounds,UK,UK,Cheque,TXN15274,0,Normal_Fan_In
23:06:52,07-10-2022,7125011674,6034997194,5254.8,UK pounds,UK pounds,UK,UK,Cheque,TXN19581,0,Normal_Fan_In
22:55:43,07-10-2022,4836321257,6855935396,9252.44,UK pounds,UK pounds,UK,UK,ACH,TXN19286,0,Normal_Fan_In
18:40:29,07-10-2022,7402105757,5180067456,228.65,UK pounds,UK pounds,UK,UK,Debit card,TXN12823,0,Normal_Small_Fan_Out
12:29:26,07-10-2022,8854033602,9258433900,5478.75,UK pounds,UK pounds,UK,UK,ACH,TXN3074,0,Normal_Small_Fan_Out
12:02:34,07-10-2022,4643259000,3241394835,10654.91,UK pounds,UK pounds,UK,UK,Cheque,TXN2381,0,Normal_Small_Fan_Out
12:07:02,07-10-2022,9771467563,6077900993,1227.63,UK pounds,UK pounds,UK,UK,ACH,TXN2484,0,Normal_Group
12:45:08,07-10-2022,6500267083,5466123934,8060.25,UK pounds,UK pounds,UK,UK,Cheque,TXN3462,0,Normal_Fan_In
20:12:54,07-10-2022,9734083970,7428731807,4983.1,UK pounds,UK pounds,UK,UK,Credit card,TXN15232,0,Normal_Fan_Out
15:15:38,07-10-2022,1915450576,9391166135,17781.98,UK pounds,UK pounds,UK,UK,ACH,TXN7459,0,Normal_Fan_Out
20:37:49,07-10-2022,8090345525,2085745063,30121.49,UK pounds,UK pounds,UK,UK,ACH,TXN15885,0,Normal_Small_Fan_Out
14:53:40,07-10-2022,4509567927,8200955806,23667.43,UK pounds,UK pounds,UK,UK,Debit card,TXN6886,0,Normal_Small_Fan_Out
20:08:04,07-10-2022,608997915,5092152216,2672.08,UK pounds,UK pounds,UK,UK,Cheque,TXN15098,0,Normal_Group
22:31:57,07-10-2022,6273014681,3631343332,5789.18,UK pounds,UK pounds,UK,UK,Credit card,TXN18685,0,Normal_Small_Fan_Out
20:02:24,07-10-2022,9791449656,4630069814,4461.61,UK pounds,UK pounds,UK,UK,Debit card,TXN14971,0,Normal_Small_Fan_Out
11:05:35,07-10-2022,7746588679,1295640104,5737.11,UK pounds,UK pounds,UK,UK,Debit card,TXN804,0,Normal_Small_Fan_Out
10:52:40,07-10-2022,1265983749,8760936984,1728.9,UK pounds,UK pounds,UK,UK,Cheque,TXN475,0,Normal_Small_Fan_Out
16:00:08,07-10-2022,2369116599,4173195094,16306.46,UK pounds,UK pounds,UK,UK,ACH,TXN8609,0,Normal_Fan_In
14:38:45,07-10-2022,8865872440,1431561040,12149.2,UK pounds,UK pounds,UK,UK,Debit card,TXN6483,0,Normal_Fan_In
22:15:25,07-10-2022,6661602018,6586238875,350.47,UK pounds,UK pounds,UK,UK,Debit card,TXN18288,0,Normal_Small_Fan_Out
14:04:05,07-10-2022,9767764025,6527493202,1497.05,UK pounds,UK pounds,UK,UK,Debit card,TXN5558,0,Normal_Small_Fan_Out
19:23:45,07-10-2022,8957461886,589468112,3552.12,UK pounds,UK pounds,UK,UK,Credit card,TXN13949,0,Normal_Periodical
16:11:20,07-10-2022,2643597679,8964972427,1116.08,UK pounds,UK pounds,UK,UK,Cash Deposit,TXN8892,0,Normal_Cash_Deposits
18:30:03,07-10-2022,4121324384,3732455271,9710.42,Euro,UK pounds,Spain,UK,Cross-border,TXN12522,0,Normal_Fan_Out
13:22:18,07-10-2022,8355706144,5270653383,3365.82,UK pounds,UK pounds,UK,UK,Cash Deposit,TXN4449,0,Normal_Cash_Deposits
10:53:09,07-10-2022,8244937262,6034997194,6320.49,UK pounds,UK pounds,UK,UK,Credit card,TXN485,0,Normal_Fan_In
17:09:58,07-10-2022,1862303603,4336977506,5709.7,UK pounds,UK pounds,UK,UK,ACH,TXN10423,0,Normal_Fan_In
23:00:07,07-10-2022,7003806789,2289486698,2851.76,UK pounds,UK pounds,UK,UK,Cheque,TXN19412,0,Normal_Small_Fan_Out
20:00:06,07-10-2022,6335356251,308214380,2037.08,UK pounds,UK pounds,UK,UK,Credit card,TXN14901,0,Normal_Small_Fan_Out
17:39:24,07-10-2022,4718533585,2259471109,538.47,UK pounds,UK pounds,UK,UK,Debit card,TXN11227,1,Money_laundering
22:50:03,07-10-2022,4737367377,9600420220,7877.49,UK pounds,UK pounds,UK,UK,ACH,TXN19133,1,Money_laundering
15:33:25,07-10-2022,3072773949,7153029102,471.53,UK pounds,UK pounds,UK,UK,Debit card,TXN7921,1,Money_laundering
15:33:07,07-10-2022,612774440,111799929,411.35,UK pounds,UK pounds,UK,UK,Debit card,TXN7912,1,Behavioural_Change_1
12:17:56,07-10-2022,9762796943,1493436023,7887.34,UK pounds,UK pounds,UK,UK,Cheque,TXN2767,1,Behavioural_Change_1
19:58:48,07-10-2022,8955442183,5858369125,5985.86,UK pounds,UK pounds,UK,UK,Cheque,TXN14866,1,Money_laundering
21:03:16,07-10-2022,2081885363,5858369125,20435.17,UK pounds,UK pounds,UK,UK,Debit card,TXN16507,1,Money_laundering
17:57:06,07-10-2022,7618340734,6899442090,221.87,UK pounds,UK pounds,UK,UK,Cheque,TXN11689,1,Money_laundering
13:06:45,07-10-2022,6032005546,6444220418,20428.44,UK pounds,UK pounds,UK,UK,Debit card,TXN4038,1,Behavioural_Change_1
11:07:08,07-10-2022,6738148173,7193900903,4045.85,UK pounds,UK pounds,UK,UK,ACH,TXN857,1,Behavioural_Change_1
20:48:03,07-10-2022,8987848252,338940099,8510.05,UK pounds,UK pounds,UK,UK,Credit card,TXN16137,1,Money_laundering
16:09:22,07-10-2022,8670671779,1108450808,99.08,UK pounds,UK pounds,UK,UK,Debit card,TXN8831,1,Behavioural_Change_1
16:08:27,07-10-2022,7548422007,4270865741,7723.54,UK pounds,UK pounds,UK,UK,ACH,TXN8804,1,Behavioural_Change_1
18:03:23,07-10-2022,8867140111,4594438629,3367.57,UK pounds,UK pounds,UK,UK,Credit card,TXN11839,1,Behavioural_Change_1
12:59:29,07-10-2022,1688983889,9707335883,384.12,UK pounds,UK pounds,UK,UK,Debit card,TXN3827,0,Normal_Small_Fan_Out
22:09:11,07-10-2022,2677792246,4446675657,1196.93,UK pounds,UK pounds,UK,UK,ACH,TXN18128,0,Normal_Small_Fan_Out
14:19:47,07-10-2022,6904668523,3087234008,4946.57,UK pounds,UK pounds,UK,UK,Credit card,TXN5996,0,Normal_Fan_Out
10:53:49,07-10-2022,3259746649,310698558,276.46,UK pounds,UK pounds,UK,UK,ACH,TXN504,0,Normal_Small_Fan_Out
12:24:57,07-10-2022,1137771716,7118531732,18.92,UK pounds,UK pounds,UK,UK,Cheque,TXN2960,0,Normal_Small_Fan_Out
15:36:24,07-10-2022,4734982100,3930289094,6933.2,UK pounds,UK pounds,UK,UK,Credit card,TXN7989,0,Normal_Small_Fan_Out
16:40:01,07-10-2022,5691675777,6615179883,15850.8,UK pounds,UK pounds,UK,UK,Debit card,TXN9641,0,Normal_Periodical
15:40:32,07-10-2022,889096335,4173195094,9853.42,UK pounds,UK pounds,UK,UK,Credit card,TXN8110,0,Normal_Fan_In
13:57:41,07-10-2022,710283640,4837946321,15532.42,UK pounds,UK pounds,UK,UK,Credit card,TXN5383,0,Normal_Small_Fan_Out
19:23:46,07-10-2022,8577559936,7124291307,576.26,UK pounds,UK pounds,UK,UK,ACH,TXN13952,0,Normal_Small_Fan_Out
18:52:31,07-10-2022,8048071901,315737488,7536.93,UK pounds,UK pounds,UK,UK,ACH,TXN13139,0,Normal_Group
22:03:24,07-10-2022,4652896235,7080357663,5740.5,UK pounds,UK pounds,UK,UK,Cheque,TXN17988,0,Normal_Fan_In
19:04:09,07-10-2022,5525508229,2462843065,15307.26,UK pounds,UK pounds,UK,UK,Debit card,TXN13436,0,Normal_Small_Fan_Out
15:26:10,07-10-2022,5706582846,2960357171,9513.79,UK pounds,UK pounds,UK,UK,Cheque,TXN7726,0,Normal_Small_Fan_Out
18:10:53,07-10-2022,5698602883,1431561040,12025.6,UK pounds,UK pounds,UK,UK,Cheque,TXN12034,0,Normal_Fan_In
15:41:20,07-10-2022,4910989972,7931898028,1763.27,UK pounds,UK pounds,UK,UK,Cheque,TXN8130,0,Normal_Foward
18:39:30,07-10-2022,5521904664,7938855811,11870.77,UK pounds,UK pounds,UK,UK,ACH,TXN12788,0,Normal_Small_Fan_Out
15:47:53,07-10-2022,7669236826,7389041504,10176.92,UK pounds,UK pounds,UK,UK,Cheque,TXN8293,0,Normal_Fan_Out
22:16:58,07-10-2022,6154383980,1709168850,5922.63,UK pounds,UK pounds,UK,UK,Credit card,TXN18322,0,Normal_Small_Fan_Out
18:49:52,07-10-2022,8792187099,2207144112,6702.94,UK pounds,UK pounds,UK,UK,Cheque,TXN13061,0,Normal_Group
12:38:43,07-10-2022,1645558162,8172080174,10980.35,UK pounds,UK pounds,UK,UK,ACH,TXN3296,0,Normal_Fan_In
16:14:14,07-10-2022,7373886737,5405452107,204.97,UK pounds,US dollar,UK,USA,Cross-border,TXN8958,0,Normal_Small_Fan_Out
10:39:37,07-10-2022,7166671719,4145866625,7202.85,UK pounds,UK pounds,UK,UK,ACH,TXN116,0,Normal_Small_Fan_Out
14:07:24,07-10-2022,8177127544,5363117119,19903.11,UK pounds,Naira,UK,UK,Debit card,TXN5648,0,Normal_Fan_In
18:33:53,07-10-2022,4778339537,4241050900,10912.84,UK pounds,UK pounds,UK,UK,Credit card,TXN12625,0,Normal_Small_Fan_Out
19:54:17,07-10-2022,2736512144,5896180453,10574.54,UK pounds,UK pounds,UK,UK,Debit card,TXN14748,0,Normal_Fan_In
15:04:52,07-10-2022,8987848252,338940099,8413.89,UK pounds,UK pounds,UK,UK,Debit card,TXN7182,0,Normal_Fan_Out
11:37:43,07-10-2022,7501327339,4961006135,6455.29,UK pounds,UK pounds,UK,UK,Credit card,TXN1711,0,Normal_Fan_Out
20:40:34,07-10-2022,2365007895,4301159904,5690.85,UK pounds,UK pounds,UK,UK,Debit card,TXN15958,0,Normal_Fan_Out
14:13:37,07-10-2022,6014470066,1132071202,10138.27,UK pounds,UK pounds,UK,UK,Debit card,TXN5818,1,Behavioural_Change_1
20:14:53,07-10-2022,9669018057,5074757020,732.08,UK pounds,UK pounds,UK,UK,Debit card,TXN15279,1,Behavioural_Change_1
12:06:57,07-10-2022,4167791718,7962827825,832.61,UK pounds,UK pounds,UK,UK,Debit card,TXN2481,1,Money_laundering
17:04:34,07-10-2022,7501327339,9848553102,10381.8,UK pounds,UK pounds,UK,UK,ACH,TXN10251,1,Money_laundering
13:06:38,07-10-2022,3633597876,7665280978,7092.54,UK pounds,UK pounds,UK,UK,ACH,TXN4033,1,Behavioural_Change_1
19:00:24,07-10-2022,9855632427,4099147891,691.07,UK pounds,UK pounds,UK,UK,Cheque,TXN13348,1,Money_laundering
21:04:04,07-10-2022,5021785800,8611137585,6232.37,UK pounds,UK pounds,UK,UK,Credit card,TXN16531,1,Behavioural_Change_1
16:35:39,07-10-2022,5258591872,69740648,324.09,UK pounds,UK pounds,UK,UK,Cash Deposit,TXN9515,1,Money_laundering
13:28:18,07-10-2022,2999228456,7905591095,103.01,UK pounds,UK pounds,UK,UK,Cash Deposit,TXN4611,1,Behavioural_Change_1
13:47:52,07-10-2022,8533172238,586034426,11260.14,UK pounds,UK pounds,UK,UK,Credit card,TXN5118,1,Behavioural_Change_1
21:21:08,07-10-2022,8952177221,5367802555,8092.24,UK pounds,UK pounds,UK,UK,Debit card,TXN16947,1,Money_laundering
14:34:47,07-10-2022,6749504181,9848443566,5596.29,UK pounds,UK pounds,UK,UK,Credit card,TXN6386,1,Money_laundering
20:09:17,07-10-2022,9734083970,4117514495,4805.46,UK pounds,UK pounds,UK,UK,Cheque,TXN15140,1,Behavioural_Change_1
14:30:48,07-10-2022,2736512144,5896180453,10635.14,UK pounds,UK pounds,UK,UK,Cheque,TXN6272,0,Normal_Fan_In
10:47:35,07-10-2022,8960679541,505070381,3194.47,UK pounds,UK pounds,UK,UK,ACH,TXN342,0,Normal_Group
11:06:08,07-10-2022,6753493104,9982478398,36.02,UK pounds,UK pounds,UK,UK,Credit card,TXN829,0,Normal_Small_Fan_Out
18:30:13,07-10-2022,2998956015,4530658461,7376.96,UK pounds,UK pounds,UK,UK,Credit card,TXN12530,0,Normal_Small_Fan_Out
17:52:50,07-10-2022,3659970814,5466123934,18648.28,UK pounds,UK pounds,UK,UK,ACH,TXN11552,0,Normal_Fan_In
16:36:10,07-10-2022,9202083933,35214226,1580.15,UK pounds,UK pounds,UK,UK,Debit card,TXN9528,0,Normal_Small_Fan_Out
18:03:14,07-10-2022,2953023889,6223365730,10725.4,UK pounds,UK pounds,UK,UK,Cheque,TXN11837,0,Normal_Fan_In
10:46:31,07-10-2022,7147226223,5858369125,6548.26,UK pounds,UK pounds,UK,UK,ACH,TXN314,0,Normal_Fan_In
17:57:21,07-10-2022,6447841775,7080357663,11772.19,UK pounds,UK pounds,UK,UK,Credit card,TXN11698,0,Normal_Fan_In
16:56:46,07-10-2022,2017351310,3264467423,13963.65,UK pounds,UK pounds,UK,UK,Debit card,TXN10052,0,Normal_Small_Fan_Out
18:42:16,07-10-2022,8456279067,1831928079,7001.49,UK pounds,UK pounds,UK,UK,Cheque,TXN12864,0,Normal_Fan_Out
20:45:28,07-10-2022,7758268667,3325153054,9959.5,UK pounds,UK pounds,UK,UK,Cheque,TXN16071,0,Normal_Fan_Out
21:28:54,07-10-2022,5571652530,5466123934,5667.27,UK pounds,UK pounds,UK,UK,ACH,TXN17137,0,Normal_Fan_In
22:14:09,07-10-2022,3614082527,8915336540,6528.47,UK pounds,UK pounds,UK,UK,ACH,TXN18262,0,Normal_Fan_Out
13:39:29,07-10-2022,9880098011,7892884492,16670.53,UK pounds,US dollar,UK,USA,Cross-border,TXN4910,0,Normal_Fan_In
21:55:55,07-10-2022,3580636597,5103043844,7459.85,UK pounds,Naira,UK,Nigeria,Cross-border,TXN17797,0,Normal_Fan_In
16:10:44,07-10-2022,5195441820,9600420220,8280.53,UK pounds,Pakistani rupee,UK,UK,ACH,TXN8874,0,Normal_Fan_In
22:15:18,07-10-2022,8876576612,8518184956,11705.78,UK pounds,UK pounds,UK,UK,ACH,TXN18286,0,Normal_Fan_In
10:49:52,07-10-2022,5376652437,9600420220,11858.26,UK pounds,UK pounds,UK,UK,Credit card,TXN410,0,Normal_Fan_In
12:58:14,07-10-2022,6496125384,2668607916,248.45,UK pounds,UK pounds,UK,UK,ACH,TXN3796,0,Normal_Small_Fan_Out
12:15:28,07-10-2022,6976962403,5612472848,3417.17,UK pounds,UK pounds,UK,UK,Credit card,TXN2704,0,Normal_Small_Fan_Out
17:07:31,07-10-2022,1942993002,8011181526,3559.01,UK pounds,UK pounds,UK,UK,ACH,TXN10343,0,Normal_Small_Fan_Out
13:42:03,07-10-2022,5426486896,6034997194,8377.34,UK pounds,UK pounds,UK,UK,Credit card,TXN4982,0,Normal_Fan_In
15:59:22,07-10-2022,860205907,2279252246,95.48,UK pounds,UK pounds,UK,UK,Cash Withdrawal,TXN8583,0,Normal_Cash_Withdrawal
15:23:33,07-10-2022,6539024288,2095407769,102.78,UK pounds,UK pounds,UK,UK,Cash Withdrawal,TXN7668,0,Normal_Cash_Withdrawal
21:44:59,07-10-2022,8025926971,178145546,112.3,UK pounds,Euro,UK,Germany,Cross-border,TXN17518,0,Normal_Cash_Withdrawal
21:31:06,07-10-2022,9516063779,4293580479,11913.75,UK pounds,UK pounds,UK,UK,Cheque,TXN17184,0,Normal_Fan_In
16:44:24,07-10-2022,3761892242,5722642954,7805.73,UK pounds,UK pounds,UK,UK,ACH,TXN9726,0,Normal_Small_Fan_Out
22:10:22,07-10-2022,7382147865,7882467376,727.42,UK pounds,UK pounds,UK,UK,Cheque,TXN18154,1,Behavioural_Change_1
15:17:29,07-10-2022,9495781857,4104081382,3760.24,UK pounds,UK pounds,UK,UK,Cheque,TXN7500,1,Money_laundering
21:24:39,07-10-2022,2060956337,7403675150,15311.8,Pakistani rupee,UK pounds,Pakistan,UK,Cross-border,TXN17037,1,Behavioural_Change_1
15:26:00,07-10-2022,869649682,2534644942,8172.59,UK pounds,Euro,UK,France,Cross-border,TXN7721,1,Behavioural_Change_1
11:44:14,07-10-2022,8009250915,9432976841,2513.84,UK pounds,UK pounds,UK,UK,Debit card,TXN1906,1,Money_laundering
14:47:45,07-10-2022,1491989064,4658438113,8530.79,UK pounds,UK pounds,UK,UK,Debit card,TXN6718,1,Behavioural_Change_1
11:54:18,07-10-2022,8311840357,8287938337,3402.04,UK pounds,UK pounds,UK,UK,Credit card,TXN2175,1,Behavioural_Change_1
14:49:50,07-10-2022,7474613980,8352571580,11931.39,UK pounds,UK pounds,UK,UK,Cheque,TXN6770,1,Money_laundering
15:04:17,07-10-2022,5852295842,644618199,1370.37,UK pounds,UK pounds,UK,UK,Credit card,TXN7162,1,Behavioural_Change_1
14:39:34,07-10-2022,7540999663,4979324864,5122.68,UK pounds,UK pounds,UK,UK,Credit card,TXN6505,1,Behavioural_Change_1
22:35:28,07-10-2022,1445360525,4141656986,1141.87,UK pounds,UK pounds,UK,UK,ACH,TXN18766,1,Money_laundering
13:21:26,07-10-2022,2365007895,5021091640,14765.91,UK pounds,UK pounds,UK,UK,Debit card,TXN4421,1,Behavioural_Change_1
11:21:46,07-10-2022,3432179554,7650934701,101.46,UK pounds,UK pounds,UK,UK,Cash Deposit,TXN1273,1,Behavioural_Change_1
10:51:31,07-10-2022,1313283747,9716797685,3807.06,UK pounds,UK pounds,UK,UK,Cash Deposit,TXN452,1,Money_laundering
12:47:50,07-10-2022,9599009457,8900742620,6227.22,UK pounds,Swiss franc,UK,Switzerland,Cross-border,TXN3520,0,Normal_Fan_Out
21:43:21,07-10-2022,3614082527,1732858296,9416.55,UK pounds,UK pounds,UK,UK,Credit card,TXN17478,0,Normal_Fan_Out
16:37:22,07-10-2022,7914605173,1840295415,147.73,UK pounds,UK pounds,UK,UK,Cash Withdrawal,TXN9568,0,Normal_Cash_Withdrawal
10:43:35,07-10-2022,9069885740,8352571580,10941.94,UK pounds,UK pounds,UK,UK,ACH,TXN248,0,Normal_Fan_In
21:56:31,07-10-2022,8456279067,1212654276,7032.67,UK pounds,UK pounds,UK,UK,Debit card,TXN17816,0,Normal_Fan_Out
11:39:15,07-10-2022,2450448709,3061704875,9100.19,UK pounds,UK pounds,UK,UK,Debit card,TXN1748,0,Normal_Small_Fan_Out
11:51:23,07-10-2022,872715582,6310722388,6579.87,UK pounds,UK pounds,UK,UK,Cheque,TXN2086,0,Normal_Small_Fan_Out
18:28:48,07-10-2022,869649682,2534644942,8284.17,UK pounds,Euro,UK,France,Cross-border,TXN12493,0,Normal_Fan_In
19:00:31,07-10-2022,8388642171,4921037772,6295.42,UK pounds,UK pounds,UK,UK,ACH,TXN13352,0,Normal_Small_Fan_Out
13:41:53,07-10-2022,2797271466,1492744665,5836.45,UK pounds,UK pounds,UK,UK,Debit card,TXN4975,0,Normal_Fan_Out
12:47:01,07-10-2022,8703231038,4388814424,11259.75,UK pounds,UK pounds,UK,UK,ACH,TXN3499,0,Normal_Small_Fan_Out
19:04:28,07-10-2022,7758268667,8969112643,13694.51,Turkish lira,UK pounds,UK,UK,Cheque,TXN13443,0,Normal_Fan_Out
11:14:47,07-10-2022,5848220020,286799236,1952.01,UK pounds,UK pounds,UK,UK,Cheque,TXN1085,0,Normal_Small_Fan_Out
13:40:29,07-10-2022,5529226135,409707192,10902.37,UK pounds,UK pounds,UK,UK,Credit card,TXN4936,0,Normal_Fan_In
14:29:07,07-10-2022,4495103144,7792695,58.2,UK pounds,UK pounds,UK,UK,Cash Withdrawal,TXN6238,0,Normal_Cash_Withdrawal
14:48:15,07-10-2022,9941194188,8518184956,20883.02,UK pounds,UK pounds,UK,UK,Cheque,TXN6735,0,Normal_Fan_In
18:46:51,07-10-2022,9704913024,747402561,5705.88,UK pounds,UK pounds,UK,UK,Debit card,TXN12984,0,Normal_Small_Fan_Out
19:35:08,07-10-2022,8043005405,7961744624,1030.39,UK pounds,UK pounds,UK,UK,Debit card,TXN14250,0,Normal_Small_Fan_Out
18:08:22,07-10-2022,2424234165,6002425697,574.59,UK pounds,UK pounds,UK,UK,Cheque,TXN11983,0,Normal_Small_Fan_Out
14:17:24,07-10-2022,3510078932,2749487707,8195.42,UK pounds,Euro,UK,France,Cross-border,TXN5923,0,Normal_Fan_Out
21:34:49,07-10-2022,7258656047,1377603863,10223.22,UK pounds,UK pounds,UK,UK,Debit card,TXN17269,0,Normal_Fan_In
16:13:50,07-10-2022,7505595009,8941820718,1641.68,UK pounds,UK pounds,UK,UK,ACH,TXN8949,0,Normal_Group
23:01:40,07-10-2022,4923151624,5686320654,1780.56,UK pounds,UK pounds,UK,UK,ACH,TXN19451,0,Normal_Small_Fan_Out
13:11:32,07-10-2022,5411794037,8352571580,7305.24,UK pounds,UK pounds,UK,UK,ACH,TXN4150,0,Normal_Fan_In
13:47:06,07-10-2022,3709430533,3402269996,8121.7,UK pounds,UK pounds,UK,UK,Credit card,TXN5100,0,Normal_Fan_Out
16:35:28,07-10-2022,9641969632,6118627253,1550.96,UK pounds,UK pounds,UK,UK,Cheque,TXN9513,0,Normal_Small_Fan_Out
18:56:54,07-10-2022,7421451752,1103906765,20765.52,UK pounds,UK pounds,UK,UK,Cheque,TXN13260,0,Normal_Fan_Out
21:38:21,07-10-2022,8384582381,3576740463,54594.69,UK pounds,UK pounds,UK,UK,ACH,TXN17361,0,Normal_single_large
21:24:41,07-10-2022,5901562180,5204359715,826.19,UK pounds,UK pounds,UK,UK,Cheque,TXN17038,0,Normal_Small_Fan_Out
12:40:03,07-10-2022,4584816078,1567901533,11575.8,UK pounds,UK pounds,UK,UK,Cheque,TXN3336,0,Normal_Small_Fan_Out
21:47:36,07-10-2022,3168051873,9757535272,11129.5,UK pounds,UK pounds,UK,UK,Debit card,TXN17586,0,Normal_Fan_Out
23:16:27,07-10-2022,9618886550,9145838447,234.71,UK pounds,UK pounds,UK,UK,Cheque,TXN19820,0,Normal_Small_Fan_Out
19:14:33,07-10-2022,7034893039,4265560947,1397.85,UK pounds,UK pounds,UK,UK,Debit card,TXN13729,0,Normal_Small_Fan_Out
16:51:09,07-10-2022,8465013530,2534644942,16723.81,UK pounds,Euro,UK,France,Cross-border,TXN9894,0,Normal_Fan_In
15:22:45,07-10-2022,2981214459,7160736915,5504.04,UK pounds,UK pounds,UK,UK,Credit card,TXN7651,0,Normal_Fan_In
11:56:09,07-10-2022,4839307489,5228783575,1536.04,UK pounds,UK pounds,UK,UK,Cash Deposit,TXN2239,0,Normal_Cash_Deposits
19:33:43,07-10-2022,7373886737,6978917020,474.85,UK pounds,UK pounds,UK,UK,Debit card,TXN14205,0,Normal_Small_Fan_Out
10:43:40,07-10-2022,60718926,5631378382,3152.7,UK pounds,UK pounds,UK,UK,Cheque,TXN252,0,Normal_Small_Fan_Out
15:44:00,07-10-2022,9200802467,1377603863,5373.74,UK pounds,UK pounds,UK,UK,Debit card,TXN8197,0,Normal_Fan_In
13:31:37,07-10-2022,9346100166,5708936901,12265.55,UK pounds,UK pounds,UK,UK,Debit card,TXN4707,0,Normal_Fan_In
15:41:52,07-10-2022,7982838267,1679327010,222.87,UK pounds,UK pounds,UK,UK,Cash Withdrawal,TXN8144,0,Normal_Cash_Withdrawal
12:15:55,07-10-2022,9488300612,8776474286,7584.21,UK pounds,UK pounds,UK,UK,Debit card,TXN2715,0,Normal_Mutual
22:07:15,07-10-2022,6577066451,4143157809,5374.79,UK pounds,UK pounds,UK,UK,Debit card,TXN18080,0,Normal_Periodical
16:36:10,07-10-2022,2797271466,9599693960,9755.88,UK pounds,UK pounds,UK,UK,Credit card,TXN9530,0,Normal_Fan_Out
17:07:31,07-10-2022,675669049,3764741730,6011.62,UK pounds,UK pounds,UK,UK,Cheque,TXN10342,0,Normal_Fan_Out
20:15:20,07-10-2022,6124368301,170086039,1241.56,UK pounds,UK pounds,UK,UK,Cheque,TXN15291,0,Normal_Periodical
10:46:57,07-10-2022,5021785800,4065028145,4376.53,UK pounds,Euro,UK,Austria,Cross-border,TXN327,0,Normal_Fan_Out
13:42:01,07-10-2022,4600894500,6034997194,5363.49,UK pounds,UK pounds,UK,UK,Debit card,TXN4981,0,Normal_Fan_In
15:14:52,07-10-2022,8463742774,1465487567,15132.1,UK pounds,UK pounds,UK,UK,Debit card,TXN7439,0,Normal_Fan_In
14:44:59,07-10-2022,96933227,8172080174,4856.22,UK pounds,UK pounds,UK,UK,Cheque,TXN6648,0,Normal_Fan_In
14:30:11,07-10-2022,2365007895,2695185687,7934.61,UK pounds,UK pounds,UK,UK,Cheque,TXN6259,0,Normal_Fan_Out
16:17:35,07-10-2022,2797271466,7981094247,7603.31,UK pounds,UK pounds,UK,UK,Credit card,TXN9048,0,Normal_Fan_Out
12:42:11,07-10-2022,8493100501,5182741221,946.99,UK pounds,UK pounds,UK,UK,ACH,TXN3394,0,Normal_Small_Fan_Out
21:50:35,07-10-2022,4445307770,7892884492,9045.81,UK pounds,US dollar,UK,USA,Cross-border,TXN17665,0,Normal_Fan_In
23:00:18,07-10-2022,9392700144,7713641622,9980.35,UK pounds,UK pounds,UK,UK,Cheque,TXN19415,0,Normal_Periodical
20:47:21,07-10-2022,9737815066,4293580479,11220.35,UK pounds,UK pounds,UK,UK,Cheque,TXN16118,0,Normal_Fan_In
11:24:26,07-10-2022,2806740273,6829585528,17548.07,UK pounds,UK pounds,UK,UK,Credit card,TXN1338,0,Normal_Group
12:33:09,07-10-2022,2320387917,1465487567,17596.21,UK pounds,UK pounds,UK,UK,Credit card,TXN3169,0,Normal_Fan_In
18:42:11,07-10-2022,1937509788,5628674969,9568.85,UK pounds,UK pounds,UK,UK,Debit card,TXN12861,0,Normal_Fan_In
23:16:20,07-10-2022,154398482,8673917867,5000.21,UK pounds,UK pounds,UK,UK,Credit card,TXN19815,1,Behavioural_Change_1
12:03:02,07-10-2022,7656746582,5238755833,1727.24,UK pounds,UK pounds,UK,UK,Debit card,TXN2394,1,Behavioural_Change_1
23:19:31,07-10-2022,2706001337,5858369125,12179.5,Dirham,UK pounds,UAE,UK,Cross-border,TXN19916,1,Money_laundering
20:10:48,07-10-2022,7706978409,7210203526,1164.77,UK pounds,UK pounds,UK,UK,ACH,TXN15180,1,Behavioural_Change_1
14:17:26,07-10-2022,8572310683,5896180453,6076.1,UK pounds,UK pounds,UK,UK,ACH,TXN5924,1,Money_laundering
20:54:52,07-10-2022,3273180048,752325491,7483.87,UK pounds,UK pounds,UK,UK,Debit card,TXN16298,1,Behavioural_Change_1
12:17:13,07-10-2022,9534729015,8091763232,6029.61,UK pounds,UK pounds,UK,UK,Cheque,TXN2744,1,Behavioural_Change_1
13:42:35,07-10-2022,3897459402,2231963085,12074.1,UK pounds,UK pounds,UK,UK,Cheque,TXN5006,1,Money_laundering
22:33:38,07-10-2022,4572993923,6034997194,17695.15,UK pounds,UK pounds,UK,UK,ACH,TXN18717,1,Behavioural_Change_1
23:07:53,07-10-2022,8883997544,1465487567,8524.6,UK pounds,UK pounds,UK,UK,Cheque,TXN19614,1,Behavioural_Change_1
17:55:36,07-10-2022,8456279067,3889335486,14471.73,UK pounds,UK pounds,UK,UK,Debit card,TXN11644,1,Money_laundering
13:10:21,07-10-2022,2122759581,2509211966,84.52,UK pounds,UK pounds,UK,UK,Cash Withdrawal,TXN4120,1,Behavioural_Change_1
11:51:35,07-10-2022,9452975673,4690632983,3340.75,UK pounds,UK pounds,UK,UK,Credit card,TXN2091,1,Behavioural_Change_1
15:15:04,07-10-2022,7669236826,7708305681,10264.26,UK pounds,UK pounds,UK,UK,Cheque,TXN7444,1,Money_laundering
16:06:05,07-10-2022,7474613980,8352571580,11940.67,UK pounds,UK pounds,UK,UK,Cheque,TXN8732,1,Behavioural_Change_1
19:40:45,07-10-2022,2833895088,3065138032,14554.67,UK pounds,UK pounds,UK,UK,Credit card,TXN14405,1,Behavioural_Change_1
14:09:15,07-10-2022,9584123190,3339962568,12715.17,UK pounds,UK pounds,UK,UK,Credit card,TXN5703,0,Normal_Small_Fan_Out
12:58:17,07-10-2022,6224077124,4983670465,5165.92,UK pounds,UK pounds,UK,UK,ACH,TXN3801,0,Normal_Small_Fan_Out
17:47:13,07-10-2022,5550493061,7322883380,2562.69,UK pounds,UK pounds,UK,UK,Credit card,TXN11420,0,Normal_Small_Fan_Out
11:48:17,07-10-2022,430404376,1431561040,5180.18,UK pounds,UK pounds,UK,UK,Debit card,TXN2009,0,Normal_Fan_In
11:30:02,07-10-2022,7322845704,2692434781,2629.03,UK pounds,UK pounds,UK,UK,Credit card,TXN1494,0,Normal_Small_Fan_Out
16:26:31,07-10-2022,9296142684,5708936901,7562.6,UK pounds,UK pounds,UK,UK,Credit card,TXN9283,0,Normal_Fan_In
15:28:09,07-10-2022,14539122,6953672776,6023.69,UK pounds,Mexican Peso,UK,Mexico,Cross-border,TXN7790,0,Normal_Fan_In
13:00:06,07-10-2022,3213805967,9600420220,14298.42,UK pounds,UK pounds,UK,UK,Debit card,TXN3849,0,Normal_Fan_In
20:29:31,07-10-2022,2906190749,6034997194,18803.03,UK pounds,UK pounds,UK,UK,Debit card,TXN15651,0,Normal_Fan_In
22:50:32,07-10-2022,8389148416,5320133137,7830.48,UK pounds,UK pounds,UK,UK,Debit card,TXN19144,0,Normal_Fan_Out
22:26:20,07-10-2022,7350455498,5748277640,3436.46,UK pounds,UK pounds,UK,UK,ACH,TXN18552,0,Normal_Small_Fan_Out
22:54:32,07-10-2022,5172850121,3695545812,23988.32,UK pounds,UK pounds,UK,UK,Credit card,TXN19250,0,Normal_Fan_In
13:13:11,07-10-2022,1394177372,1465487567,11639.33,UK pounds,UK pounds,UK,UK,Debit card,TXN4195,0,Normal_Fan_In
11:30:44,07-10-2022,7673084360,6444220418,9801.77,UK pounds,UK pounds,UK,UK,Debit card,TXN1513,0,Normal_Fan_In
12:17:18,07-10-2022,7835567493,4805499748,237.46,UK pounds,UK pounds,UK,UK,Cash Withdrawal,TXN2749,0,Normal_Cash_Withdrawal
22:12:22,07-10-2022,9203882853,2041862414,12987.17,UK pounds,UK pounds,UK,UK,Debit card,TXN18212,0,Normal_Group
12:56:03,07-10-2022,8053683950,6522784509,6007.77,UK pounds,UK pounds,UK,UK,ACH,TXN3734,0,Normal_Periodical
15:22:58,07-10-2022,8600542721,7110173982,3137.43,UK pounds,UK pounds,UK,UK,Debit card,TXN7655,0,Normal_Group
12:00:49,07-10-2022,3510078932,9059301099,8421.22,UK pounds,UK pounds,UK,UK,Cheque,TXN2347,0,Normal_Fan_Out
12:08:28,07-10-2022,2318934240,9019995600,2126.83,UK pounds,UK pounds,UK,UK,Cheque,TXN2520,0,Normal_Small_Fan_Out
11:02:20,07-10-2022,8389148416,1363901484,10169.46,UK pounds,UK pounds,UK,UK,Credit card,TXN719,0,Normal_Fan_Out
10:40:20,07-10-2022,1054167985,324741137,9684.43,UK pounds,UK pounds,UK,UK,Credit card,TXN140,0,Normal_Group
22:02:00,07-10-2022,2709154044,1224150396,326.96,UK pounds,UK pounds,UK,UK,Credit card,TXN17948,1,Behavioural_Change_1
21:54:18,07-10-2022,9633304539,9280564720,44.27,UK pounds,UK pounds,UK,UK,ACH,TXN17763,1,Behavioural_Change_1
12:05:25,07-10-2022,4672757647,4771219610,8453.32,UK pounds,Mexican Peso,UK,Mexico,Cross-border,TXN2445,1,Money_laundering
13:50:54,07-10-2022,3993668625,9938677060,3002.63,UK pounds,UK pounds,UK,UK,Credit card,TXN5199,1,Money_laundering
11:26:44,07-10-2022,3741000234,1377603863,22044.35,UK pounds,UK pounds,UK,UK,Debit card,TXN1403,1,Behavioural_Change_1
20:55:53,07-10-2022,5872512221,7472463775,11715.57,UK pounds,Euro,UK,Italy,Cross-border,TXN16322,1,Money_laundering
11:38:32,07-10-2022,5293966138,3079818547,14531.84,UK pounds,UK pounds,UK,UK,Debit card,TXN1731,1,Money_laundering
16:25:53,07-10-2022,8456279067,8572828015,5600.63,UK pounds,UK pounds,UK,UK,Credit card,TXN9261,1,Behavioural_Change_1
12:55:46,07-10-2022,1394177372,1465487567,11566.5,UK pounds,UK pounds,UK,UK,Cheque,TXN3722,1,Behavioural_Change_1
